Host,Path,KeyName,Value,IsSecure,IsHTTPOnly,HasExpire,IsPersistent,CreateDate,ExpireDate
.gfbzb.gov.cn,/,Hm_lvt_b545ecda5e55c72da213c8a3dd759314,1753625302,false,false,false,false,2025-07-27T22:08:21+08:00,2026-07-27T22:09:48+08:00
www.baidu.com,/,H_PS_645EC,ee149NqR8B03rz6LMHlwtly1cbbYOCPdL%2Bo7LU%2BHdv5Syf72ZOCyw5gp%2FFQ,false,false,false,false,2025-07-27T22:08:11+08:00,2025-07-27T22:53:31+08:00
www.zhihu.com,/,BEC,684e706569bf16169217bb2a788786f3,false,false,false,false,2025-07-27T22:07:58+08:00,2025-07-27T23:07:58+08:00
www.doubao.com,/,msToken,czWt_JtyTSaUO_Oss6REhh4FEKPsb-Dp-Ymt5NStwI_qDyXdK6MR6BxWu9arYWHQXOh4Y-DxPJV_OdRDf4GGZ0lr0SG-IkUwcAknWiQrxjuo-z88bsZQU5RnNPYpU_s=,false,false,false,false,2025-07-27T12:20:21+08:00,2025-08-03T12:20:21+08:00
www.doubao.com,/,tt_scid,NwUfowD3jSok3zgAB.yojixFrrQYYHeNDx89MHoPltYHqSNQz6uZ0DJ8CJ5Dpekv873d,false,false,false,false,2025-07-27T12:15:31+08:00,2025-08-03T12:15:31+08:00
mssdk.bytedance.com,/,tt_scid,NwUfowD3jSok3zgAB.yojixFrrQYYHeNDx89MHoPltYHqSNQz6uZ0DJ8CJ5Dpekv873d,true,true,false,false,2025-07-27T12:15:31+08:00,2025-08-03T12:15:31+08:00
mssdk.bytedance.com,/,ttcid,26484ad0690f49a08345919c5af866e920,true,true,false,false,2025-07-27T12:15:31+08:00,2025-08-03T12:15:31+08:00
www.doubao.com,/,ttcid,26484ad0690f49a08345919c5af866e920,false,false,false,false,2025-07-27T12:15:30+08:00,2025-08-03T12:15:30+08:00
.bytedance.com,/,msToken,rre3diD9ouEPTaWRiEIdxf3HQC2H30Qktxx6Ei0I4szrlCQO673XOn82-BUVxfl7W5bd7IZmWGe9GiD-Mj-J4l1kgp185n2S-5brkT1Nube70W5klzsM6A==,true,false,false,false,2025-07-27T12:15:24+08:00,2025-08-03T19:31:04+08:00
.doubao.com,/,ttwid,1%7CJr5V4Gx_av5_fn8gc90JKnLg7GVGE9R9O92inEfvyzI%7C1753589721%7C8b0c1a9267b27eba342b89aa28e490b5648729920af74ae1112b5a0dbfa2a0c1,true,true,false,false,2025-07-27T12:15:20+08:00,2026-07-27T12:15:21+08:00
www.doubao.com,/,gd_random,eyJtYXRjaCI6dHJ1ZSwicGVyY2VudCI6MC4yNDcyMzE5MzQ5ODY0MTk5M30=.5U8IqS3m6HJBc6D/IZDK1DimuGBiHtARi4rdTdqyl1M=,false,true,false,false,2025-07-27T12:15:20+08:00,2025-08-03T12:15:20+08:00
chat.deepseek.com,/,.thumbcache_6b2e5483f9d858d7c661c5e276b6a6ae,oQmS/9Yjk0A7bh80i4EoxTzj9xHXtsyw5Rpfx39FoQVmxqL16nH3VDayuG+nzMYrxAf1wH8bRyL8KWf6B5VMrQ%3D%3D,false,false,false,false,2025-07-27T12:15:06+08:00,2026-08-31T12:15:06+08:00
chat.deepseek.com,/,smidV2,2025072712150619100464c5f1b8049ac5f4cdaa8f92740046c50dd56aa97c0,false,false,false,false,2025-07-27T12:15:06+08:00,2026-08-31T12:15:06+08:00
.csdn.net,/,hide_login,1,false,false,false,false,2025-07-27T12:14:55+08:00,2025-07-28T12:14:55+08:00
.csdnimg.cn,/,dc_session_id,11_1753589693203.760424,false,false,false,false,2025-07-27T12:14:53+08:00,2025-07-27T12:44:54+08:00
.csdnimg.cn,/,c_dsid,11_1753589693206.431073,false,false,false,false,2025-07-27T12:14:53+08:00,2025-07-27T12:44:54+08:00
.csdn.net,/,creative_btn_mp,1,false,false,false,false,2025-07-27T12:14:53+08:00,2025-07-28T12:14:53+08:00
.csdn.net,/,dc_session_id,10_1753589693984.776590,false,false,false,false,2025-07-27T12:14:53+08:00,2026-08-31T12:14:54+08:00
.csdn.net,/,uuid_tt_dd,10_37259021210-1753589693984-397891,false,false,false,false,2025-07-27T12:14:53+08:00,2026-08-31T12:14:54+08:00
.csdn.net,/,Hm_lvt_6bcd52f51e9b3dce32bec4a3997715ac,1753589694,false,false,false,false,2025-07-27T12:14:53+08:00,2026-07-27T12:14:53+08:00
.csdnimg.cn,/,c_page_id,default,false,false,false,false,2025-07-27T12:14:53+08:00,2025-07-27T13:14:53+08:00
.csdnimg.cn,/,uuid_tt_dd,11_70139328395-1753589693203-588362,false,false,false,false,2025-07-27T12:14:53+08:00,2026-08-31T12:14:53+08:00
.csdnimg.cn,/,fid,20_85511725048-1753589693203-752565,false,false,false,false,2025-07-27T12:14:53+08:00,2026-08-31T12:14:53+08:00
.csdn.net,/,c_ab_test,1,false,false,false,false,2025-07-27T12:14:52+08:00,2025-08-26T12:14:53+08:00
.csdn.net,/,c-sidebar-collapse,0,false,false,false,false,2025-07-27T12:14:52+08:00,2025-07-27T12:44:52+08:00
.csdn.net,/,log_Id_view,50,false,false,false,false,2025-07-27T12:14:52+08:00,2025-07-27T12:44:58+08:00
.blog.csdn.net,/,bc_bot_session,17535896926beaae521131aa51,true,false,false,false,2025-07-27T12:14:52+08:00,2025-07-27T13:14:53+08:00
.csdn.net,/,c_dsid,11_1753589691527.669802,false,false,false,false,2025-07-27T12:14:51+08:00,2025-07-27T12:44:58+08:00
.csdn.net,/,log_Id_pv,1,false,false,false,false,2025-07-27T12:14:51+08:00,2025-07-27T12:44:58+08:00
.csdn.net,/,fid,20_97718937430-1753589691526-185696,false,false,false,false,2025-07-27T12:14:51+08:00,2026-08-31T12:14:51+08:00
.csdn.net,/,c_page_id,default,false,false,false,false,2025-07-27T12:14:51+08:00,2025-07-27T13:14:51+08:00
.csdn.net,/,dc_tos,t01igr,false,false,false,false,2025-07-27T12:14:51+08:00,2025-07-27T16:14:51+08:00
.csdn.net,/,uuid_tt_dd,10_9762314210-1753589690426-405008,false,false,false,false,2025-07-27T12:14:50+08:00,2026-08-31T12:14:50+08:00
.csdn.net,/,dc_session_id,10_1753589690426.913825,false,false,false,false,2025-07-27T12:14:50+08:00,2025-07-27T12:44:58+08:00
aistudy.baidu.com,/site/wjzsorv8,jz_should_replace_jmy_pic_img,0,false,false,false,false,2025-07-27T12:14:38+08:00,2025-07-27T13:14:38+08:00
aistudy.baidu.com,/site/wjzsorv8,8cd47d9a-7797-42f3-9306-b902ded71161,"""{\""expParam\"":\""\"",\""expIdList\"":\""147743-1,113nj-0,73350-1,55819-1,139235-dz,147403-dz,147178-1,139316-dz,147184-1,142435-4,74840-1\"",\""allExpParams\"":\""[{\\\""moduleName\\\"":\\\""benz\\\"",\\\""expIdList\\\"":[\\\""73350-1\\\"",\\\""55819-1\\\""],\\\""params\\\"":[{\\\""name\\\"":\\\""113248_params\\\"",\\\""value\\\"":\\\""revert\\\""},{\\\""name\\\"":\\\""116381_params\\\"",\\\""value\\\"":\\\""revert\\\""},{\\\""name\\\"":\\\""117261_params\\\"",\\\""value\\\"":\\\""revert\\\""},{\\\""name\\\"":\\\""118036_params\\\"",\\\""value\\\"":\\\""revert\\\""},{\\\""name\\\"":\\\""126069_params\\\"",\\\""value\\\"":\\\""revert\\\""},{\\\""name\\\"":\\\""126070_params\\\"",\\\""value\\\"":\\\""revert\\\""},{\\\""name\\\"":\\\""128105_params\\\"",\\\""value\\\"":\\\""revert\\\""},{\\\""name\\\"":\\\""128293_params\\\"",\\\""value\\\"":\\\""revert\\\""},{\\\""name\\\"":\\\""129181_params\\\"",\\\""value\\\"":\\\""revert\\\""},{\\\""name\\\"":\\\""128567_params\\\"",\\\""value\\\"":\\\""revert\\\""},{\\\""name\\\"":\\\""130724_params\\\"",\\\""value\\\"":\\\""revert\\\""},{\\\""name\\\"":\\\""130361_params\\\"",\\\""value\\\"":\\\""revert\\\""},{\\\""name\\\"":\\\""130223_params\\\"",\\\""value\\\"":\\\""revert\\\""},{\\\""name\\\"":\\\""132297_params\\\"",\\\""value\\\"":\\\""revert\\\""},{\\\""name\\\"":\\\""135582_params\\\"",\\\""value\\\"":\\\""revert\\\""},{\\\""name\\\"":\\\""common_phone\\\"",\\\""value\\\"":\\\""500\\\""}]},{\\\""moduleName\\\"":\\\""eduserver\\\"",\\\""expIdList\\\"":[\\\""147743-1\\\"",\\\""147178-1\\\"",\\\""142435-4\\\""],\\\""params\\\"":[{\\\""name\\\"":\\\""enable_saq_with_pri_query\\\"",\\\""value\\\"":\\\""1\\\""},{\\\""name\\\"":\\\""saq_with_pri_query_prompt_type\\\"",\\\""value\\\"":\\\""1\\\""},{\\\""name\\\"":\\\""saq_with_pri_query_model_type\\\"",\\\""value\\\"":\\\""185\\\""},{\\\""name\\\"":\\\""query_clarify_update_eb45\\\"",\\\""value\\\"":\\\""0\\\""},{\\\""name\\\"":\\\""clarify_for_zhuiwen_click_v2\\\"",\\\""value\\\"":\\\""1\\\""}]}]\""}""",false,false,false,false,2025-07-27T12:14:38+08:00,2025-07-27T12:44:38+08:00
aistudy.baidu.com,/site/wjzsorv8,8cd47d9a-7797-42f3-9306-b902ded71161_fid,8fcb8f0d13f846ce83c578719daa714c_0_0,false,false,false,false,2025-07-27T12:14:38+08:00,2025-07-27T13:14:38+08:00
.hm.baidu.com,/,HMACCOUNT,547E662586E19B69,false,false,false,false,2025-07-27T12:14:38+08:00,2026-08-31T12:14:39+08:00
.bilibili.com,/,bili_ticket_expires,1753848504,false,false,false,false,2025-07-27T12:09:24+08:00,2025-07-30T12:09:24+08:00
.bilibili.com,/,bili_ticket,eyJhbGciOiJIUzI1NiIsImtpZCI6InMwMyIsInR5cCI6IkpXVCJ9.eyJleHAiOjE3NTM4NDg1NjQsImlhdCI6MTc1MzU4OTMwNCwicGx0IjotMX0.5TZHujikAgt1eo20rhNYMD_ReuzwD_Py7868cxownnA,false,false,false,false,2025-07-27T12:09:24+08:00,2025-07-30T12:09:24+08:00
.bilibili.com,/,buvid_fp,930903c5d8d8a3a2072632c0af539a8a,false,false,false,false,2025-07-27T12:09:24+08:00,2026-08-31T12:09:24+08:00
.bilibili.com,/,browser_resolution,1280-734,false,false,false,false,2025-07-27T12:09:24+08:00,2026-07-27T12:09:24+08:00
.bilibili.com,/,home_feed_column,4,false,false,false,false,2025-07-27T12:09:24+08:00,2026-07-27T12:09:24+08:00
.bilibili.com,/,enable_web_push,DISABLE,false,false,false,false,2025-07-27T12:09:23+08:00,2026-07-27T12:09:23+08:00
.bilibili.com,/,_uuid,B31F5757-53CF-3531-9CC5-A10E1BFF14EC863029infoc,false,false,false,false,2025-07-27T12:09:23+08:00,2026-07-27T12:09:23+08:00
.bilibili.com,/,buvid4,3CD722D6-DBAE-2F48-7267-3C8F0827A79C63414-025072712-%2FOvw%2BqXhxUKoXAiUTTs4zw%3D%3D,false,false,false,false,2025-07-27T12:09:23+08:00,2026-08-31T12:09:23+08:00
.bilibili.com,/,buvid3,809EAABC-F6B7-A239-F21F-32D8A6033A8362470infoc,false,false,false,false,2025-07-27T12:09:22+08:00,2026-07-27T12:09:22+08:00
.bilibili.com,/,b_nut,1753589362,false,false,false,false,2025-07-27T12:09:22+08:00,2026-07-27T12:09:22+08:00
.baidu.com,/,H_WISE_SIDS,60278_62325_62833_63143_63327_63881_63948_63989_64009_64058_64047_64039_64146_64068_64170_64174_64228_64219_64248_64246_64251,false,false,false,false,2025-07-27T12:09:21+08:00,2026-07-27T22:10:19+08:00
.baidu.com,/,BDORZ,B490B5EBF6F3CD402E515D22BCDA1598,false,false,false,false,2025-07-27T12:09:20+08:00,2025-07-28T22:10:19+08:00
www.baidu.com,/,BD_UPN,133352,false,false,false,false,2025-07-27T12:09:20+08:00,2025-08-06T22:10:19+08:00
.baidu.com,/,BAIDUID,9E42C8E7564404E488ED39F23F260F92:FG=1,false,false,false,false,2025-07-27T12:09:19+08:00,2026-07-27T12:09:19+08:00
.baidu.com,/,PSTM,1753589359,false,false,false,false,2025-07-27T12:09:19+08:00,2026-08-31T12:09:19+08:00
.baidu.com,/,BIDUPSID,9E42C8E7564404E47E1D72DBCABAFFC7,false,false,false,false,2025-07-27T12:09:19+08:00,2026-08-31T12:09:19+08:00
.baidu.com,/,H_PS_PSSID,60278_62325_62833_63143_63327_63881_63948_63989_64009_64058_64047_64039_64146_64068_64170_64174_64228_64219_64248_64246_64251,false,false,false,false,2025-07-27T12:09:19+08:00,2026-07-27T22:10:18+08:00
www.zhihu.com,/,gdxidpyhxdE,e309BspD4biHZBv319Up6JGB%2Bc6JPM4H2L90euduDcuvJpJQdngN8%2B9%5CWRIET%2BQRRLMPeiuJ797dyAIY6ktw9HGyIYG0pEMWRi2yDa6xj6GaT4cGPgUXpmXwRv%2FobwXOj%5Cw21TEDyqZ9N%5CSZ6%5CntAytneXMcMWJ1Ldvs3rdijIzeK5DI%3A1753616306611,false,false,false,false,2025-07-06T13:40:00+08:00,2025-08-26T19:38:26+08:00
.sina.com.cn,/,SUBP,0033WrSXqPxfM72-Ws9jqgMF55529P9D9WW0rvQ2Ep6saFAszoHqPCI_,false,false,false,false,2025-07-06T13:39:58+08:00,2026-07-06T13:39:58+08:00
.passport.weibo.com,/,SRT,D.QqHBTrscOcyiRdRtOeYoWrSNUQShSGbGWck8NQMu5%21m3MdbbN3BYU%21oCNbHi5mYNUCsuPDbuVdkP4QMNAZSKOFErKdj-A49fT%21HrPEJ-OqM8O44tWdstJZSgOrSQPA77%2AB.vAflW-P9Rc0lR-ykKDvnJqiQVbiRVPBtS%21r3J8sQVqbgVdWiMZ4siOzu4DbmKPWQJGH-4OHEVDSqR4SBV396NGEAArba,true,true,false,false,2025-07-06T13:39:58+08:00,2026-08-10T13:39:58+08:00
passport.weibo.com,/visitor,tid,01Act7PHavPLCW16zyzdPsveRUoF3aAsdFgIs9QnNalMmY,false,false,false,false,2025-07-06T13:39:58+08:00,2026-06-27T13:39:58+08:00
.weibo.com,/,SUBP,0033WrSXqPxfM72-Ws9jqgMF55529P9D9WW0rvQ2Ep6saFAszoHqPCI_,false,false,false,false,2025-07-06T13:39:58+08:00,2026-07-06T13:39:58+08:00
.weibo.com,/,SUB,_2AkMfNoMaf8NxqwFRmvkdyGvkbItyzA7EieKpanLBJRMxHRl-yT9yqkUQtRB6NLat9k6AJhjBtTS6O4bME8umx26jOFWU,true,true,false,false,2025-07-06T13:39:58+08:00,2026-07-06T13:39:57+08:00
.sina.com.cn,/,SUB,_2AkMfNoMaf8NxqwFRmvkdyGvkbItyzA7EieKpanLBJRMyHRl-yD9yqlBftRB6NLat9pcKCQMueh6hBjFuJevR-cenAKF8,true,true,false,false,2025-07-06T13:39:58+08:00,2026-07-06T13:39:57+08:00
.passport.weibo.com,/,SRF,1751780398,true,false,false,false,2025-07-06T13:39:58+08:00,2026-08-10T13:39:58+08:00
weibo.com,/,WBPSESS,LKUy5Npwn5zVNZX-hrYAML8OPK7w8S0ynZHNajlNhXYLS2GQi0P7f1C2wgrfRp-iehMyFAILdjYwV0BreEdtLmyu4CdtDpk63EOqvM1tG4HtG0RhhZgmf977bL8_X6QD4y2wGcw6K35NtKonh3MDmWCMTbn3q9ESe8voivs5omA=,true,true,false,false,2025-07-06T13:39:58+08:00,2025-07-07T13:39:58+08:00
www.zhihu.com,/,__snaker__id,z1D7SJcVZRNUN4ku,false,false,false,false,2025-07-06T13:39:54+08:00,2026-07-06T13:39:54+08:00
.zhihu.com,/,Hm_lvt_98beee57fd2ef70ccdd5ca52b9740c49,"1751780393,1753589345,1753625279",false,false,false,false,2025-07-06T13:39:53+08:00,2026-07-27T22:07:59+08:00
.zhihu.com,/,captcha_session_v2,2|1:0|10:1753625279|18:captcha_session_v2|88:SnFTZS8wTDNMUGJaZ1VOVExpcXJrVlFXam1hWlQxTmtXYzYvY0t6amJGOG1vYUpLM24yMGxYa0hJemVoMWZzSg==|37d804055e207dc7f67a1961ba3eeb9db0d2d60a271c209422a45468a26a0de8,false,true,false,false,2025-07-06T13:39:52+08:00,2025-08-26T22:07:59+08:00
.zhihu.com,/,d_c0,EvLTxoqjtxqPTvXruokVAbdE9RW9ddtRj4A=|1751780392,false,false,false,false,2025-07-06T13:39:52+08:00,2026-08-10T13:39:52+08:00
.zhihu.com,/,_zap,de59f95a-be5c-4e72-91ea-365d04706ae4,false,false,false,false,2025-07-06T13:39:51+08:00,2026-08-10T13:39:51+08:00